{
  "avg_watts": 227.45481155778884,
  "start": 1782277131.240249,
  "end": 1782278723.2247324
}