{
  "avg_watts": 288.8101246537396,
  "start": 1782283161.759564,
  "end": 1782283883.5642524
}