{
  "avg_watts": 294.0475093399751,
  "start": 1782262934.9040952,
  "end": 1782263737.0888464
}