{
  "avg_watts": 176.1880751173709,
  "start": 1781661685.4693925,
  "end": 1781662110.6855812
}