{
  "avg_watts": 177.88193023255812,
  "start": 1781647943.4332082,
  "end": 1781648372.9386344
}