{
  "avg_watts": 177.6272197309417,
  "start": 1781654762.7802985,
  "end": 1781655208.832211
}