{
  "avg_watts": 304.4698297872342,
  "start": 1782270879.9862158,
  "end": 1782271584.1683085
}