{
  "avg_watts": 267.4733235294118,
  "start": 1782546851.7964766,
  "end": 1782547871.7386353
}