{
  "avg_watts": 260.2627654867255,
  "start": 1782272184.4900327,
  "end": 1782273087.9078128
}