{
  "avg_watts": 165.14597916666665,
  "start": 1781655476.1846085,
  "end": 1781655955.5080733
}