{
  "avg_watts": 165.4048903508772,
  "start": 1781648666.868462,
  "end": 1781649122.5542448
}