{
  "avg_watts": 164.90555555555557,
  "start": 1781662389.5998437,
  "end": 1781662883.7594454
}