{
  "avg_watts": 160.63540216086434,
  "start": 1781649455.2488973,
  "end": 1781650287.599371
}