{
  "avg_watts": 158.48737762237764,
  "start": 1781663214.8375583,
  "end": 1781664072.6849225
}