{
  "avg_watts": 159.69996495327104,
  "start": 1781656268.4359322,
  "end": 1781657123.7927334
}