{
  "avg_watts": 302.6263590391908,
  "start": 1782557913.2815032,
  "end": 1782558703.910339
}