{
  "avg_watts": 268.3559642521168,
  "start": 1782285674.867069,
  "end": 1782286737.769047
}