{
  "avg_watts": 264.07808425275863,
  "start": 1782265581.8647335,
  "end": 1782266578.6736295
}