{
  "avg_watts": 236.04175154321,
  "start": 1782544717.918029,
  "end": 1782546013.219831
}