{
  "avg_watts": 263.82615886833537,
  "start": 1782559232.3774421,
  "end": 1782560151.1513302
}