{
  "avg_watts": 262.9987891737893,
  "start": 1782268720.6147215,
  "end": 1782270124.685389
}