{
  "avg_watts": 227.35031299734737,
  "start": 1782279283.035474,
  "end": 1782281167.4841223
}