{
  "avg_watts": 263.07560267857104,
  "start": 1782554602.271533,
  "end": 1782555497.9321477
}