{
  "avg_watts": 236.24667211774334,
  "start": 1782273631.6360512,
  "end": 1782274853.9615562
}