{
  "avg_watts": 235.99168573607943,
  "start": 1782540003.010106,
  "end": 1782541313.9149046
}