{
  "avg_watts": 187.01384196185288,
  "start": 1781644331.3918028,
  "end": 1781644698.0464692
}