{
  "avg_watts": 185.42319796954317,
  "start": 1781658322.1533153,
  "end": 1781658715.7868814
}