{
  "avg_watts": 187.43641558441558,
  "start": 1781651436.503307,
  "end": 1781651820.9051542
}