{
  "avg_watts": 321.3962187871583,
  "start": 1782281859.997375,
  "end": 1782282700.1857734
}