{
  "avg_watts": 320.52139167862276,
  "start": 1782261764.804946,
  "end": 1782262461.2709775
}