{
  "avg_watts": 229.1364123257518,
  "start": 1782548554.9501138,
  "end": 1782549917.3148816
}