{
  "avg_watts": 174.94859310344827,
  "start": 1781652836.2576187,
  "end": 1781653560.8401036
}