{
  "avg_watts": 174.4268157181572,
  "start": 1781646024.2148547,
  "end": 1781646761.6339297
}