{
  "avg_watts": 172.2505935483871,
  "start": 1781659692.31393,
  "end": 1781660467.037749
}