{
  "avg_watts": 264.8137919826652,
  "start": 1782543367.210802,
  "end": 1782544289.370763
}