{
  "avg_watts": 268.2758679446219,
  "start": 1782264189.7914102,
  "end": 1782265128.5271432
}