{
  "avg_watts": 267.1677152317881,
  "start": 1782284336.199888,
  "end": 1782285242.1879473
}