{
  "avg_watts": 303.00714470284265,
  "start": 1782553322.8937366,
  "end": 1782554097.0036857
}