{
  "avg_watts": 319.74635761589406,
  "start": 1782562450.0516605,
  "end": 1782563204.262645
}