{
  "avg_watts": 319.3920838794238,
  "start": 1782533262.3065133,
  "end": 1782534024.8011312
}