{
  "avg_watts": 296.00950757575737,
  "start": 1782537272.0302873,
  "end": 1782538064.085389
}