{
  "avg_watts": 227.69489147286825,
  "start": 1782275328.6740363,
  "end": 1782276618.5726607
}