{
  "avg_watts": 237.19062052505976,
  "start": 1782560603.2313383,
  "end": 1782561859.4777305
}