{
  "avg_watts": 236.39181126331795,
  "start": 1782555922.8884976,
  "end": 1782557236.5978844
}