{
  "avg_watts": 265.6634536082473,
  "start": 1782564826.497647,
  "end": 1782565796.5539947
}