{
  "avg_watts": 267.4019916142556,
  "start": 1782535590.819802,
  "end": 1782536544.4233956
}