{
  "avg_watts": 199.5578329571106,
  "start": 1781657567.7050395,
  "end": 1781658010.3938885
}