{
  "avg_watts": 200.89462311557787,
  "start": 1781643450.6914868,
  "end": 1781643848.159173
}