{
  "avg_watts": 201.35494845360824,
  "start": 1781650720.3046458,
  "end": 1781651107.8530972
}