{
  "avg_watts": 263.3877241962782,
  "start": 1782287182.0344594,
  "end": 1782288364.1781652
}