{
  "avg_watts": 263.03020253164533,
  "start": 1782267062.7624815,
  "end": 1782268247.7149074
}