{
  "avg_watts": 302.1998094027953,
  "start": 1782542032.0145469,
  "end": 1782542818.7595708
}