{
  "avg_watts": 200.48120550545846,
  "start": 1782550530.7666712,
  "end": 1782552637.084642
}