{
  "avg_watts": 294.0998962386514,
  "start": 1782534470.297507,
  "end": 1782535241.4422183
}