{
  "avg_watts": 292.5583269476376,
  "start": 1782563657.5742588,
  "end": 1782564440.0576448
}