{
  "avg_watts": 176.43928400954653,
  "start": 1781658974.1783345,
  "end": 1781659392.341881
}