{
  "avg_watts": 180.75556306306308,
  "start": 1781652094.3952415,
  "end": 1781652538.3458831
}