{
  "avg_watts": 180.28656750572083,
  "start": 1781645132.2920876,
  "end": 1781645569.2116654
}