{
  "avg_watts": 265.8624172517552,
  "start": 1782538583.1109457,
  "end": 1782539579.8426902
}