{
  "avg_watts": 192.6612980769231,
  "start": 1781654011.8876646,
  "end": 1781654427.4220872
}