{
  "avg_watts": 190.77281995661605,
  "start": 1781660899.3010874,
  "end": 1781661359.8491547
}