{
  "avg_watts": 193.63632754342433,
  "start": 1781647204.6929166,
  "end": 1781647606.8053322
}